{
  "mobPhysicsType": 3,
  "blockPhysicsNew": 0,
  "maxPhysicsObjects": 10000,
  "blockPhysicsScale": 1.0,
  "particleLifetimeMobs": 4.0,
  "particleLifetimeBlocks": 0.30000001192092896,
  "cpuThreads": 2,
  "itemPhysics": true,
  "minecraftBlockBreakParticles": false,
  "customizedGravities": [
    "minecraft:overworld",
    0.0,
    -9.81,
    0.0,
    "minecraft:the_nether",
    0.0,
    -9.81,
    0.0,
    "minecraft:the_end",
    0.0,
    -9.81,
    0.0
  ],
  "customizedBuoyancies": [
    "minecraft:overworld",
    0.0,
    2.0,
    0.0,
    "minecraft:the_nether",
    0.0,
    2.0,
    0.0,
    "minecraft:the_end",
    0.0,
    2.0,
    0.0
  ]
}